Elemento,Tiempo (s)
Total,34.16514053742091
Índices,1.2159347534179688e-05
Clase - Pacientes,124.59977102279663
Jornadas,0.1013021469116211
Parámetros,0.024473905563354492
Función Objetivo,72.35826516151428
Variables,9.188541889190674
Restricciones,1843.6360659599304
