Elemento,Tiempo (s)
Índices,5.7220458984375e-06
Clase - Pacientes,153.41577219963074
Jornadas,0.10117411613464355
Parámetros,0.03106379508972168
Función Objetivo,100.74153232574463
Variables,10.34818983078003
Restricciones,2234.0289318561554
