Elemento,Tiempo (s)
Índices,5.9604644775390625e-06
Clase - Pacientes,107.37224292755127
Jornadas,0.06244230270385742
Parámetros,0.020752906799316406
Función Objetivo,80.32450890541077
Variables,4.1341938972473145
Restricciones,1052.3165030479431
