Elemento,Tiempo (s)
Índices,6.9141387939453125e-06
Clase - Pacientes,178.09885811805725
Jornadas,0.12193989753723145
Parámetros,0.04858899116516113
Función Objetivo,67.6378722190857
Variables,9.995569944381714
Restricciones,1960.2232859134674
