Elemento,Tiempo (s)
Total (min),27.394842998186746
Índices,5.9604644775390625e-06
Clase - Pacientes,106.06180882453918
Jornadas,0.104644775390625
Parámetros,0.019603252410888672
Función Objetivo,60.59068989753723
Variables,7.841781139373779
Restricciones,1469.0720460414886
