Elemento,Tiempo (s)
Índices,5.9604644775390625e-06
Clase - Pacientes,51.260186195373535
Jornadas,0.08120584487915039
Parámetros,0.029304981231689453
Función Objetivo,41.02840995788574
Variables,5.1658830642700195
Restricciones,878.4763000011444
