Elemento,Tiempo (s)
Índices,7.152557373046875e-06
Clase - Pacientes,51.82173275947571
Jornadas,0.08265089988708496
Parámetros,0.035578250885009766
Función Objetivo,43.053155183792114
Variables,5.055234909057617
Restricciones,894.337397813797
