Elemento,Tiempo (s)
Índices,6.198883056640625e-06
Clase - Pacientes,58.077505111694336
Jornadas,0.08736419677734375
Parámetros,0.031238794326782227
Función Objetivo,44.40145802497864
Variables,5.477216005325317
Restricciones,911.681254863739
