Elemento,Tiempo (s)
Índices,7.867813110351562e-06
Clase - Pacientes,101.01738119125366
Jornadas,0.08176612854003906
Parámetros,0.019011735916137695
Función Objetivo,62.59272599220276
Variables,7.671411991119385
Restricciones,1556.4846460819244
