Elemento,Tiempo (s)
Índices,4.76837158203125e-06
Clase - Pacientes,118.63853693008423
Jornadas,0.21736598014831543
Parámetros,0.0334172248840332
Función Objetivo,53.57691693305969
Variables,12.202120065689087
Restricciones,837.9328699111938
